{"cameraMode":{"drawMode":0,"name":"Shaded","section":"Shading Mode"},"sceneLighting":true,"audioPlay":false,"sceneViewState":{"showFog":true,"showMaterialUpdate":false,"showSkybox":true,"showFlares":true,"showImageEffects":true,"showParticleSystems":true},"in2DMode":false,"pivot":{"x":0.6589570641517639,"y":1.618048906326294,"z":-0.2604096531867981},"rotation":{"x":-0.13497719168663026,"y":0.7388054132461548,"z":-0.1553933322429657,"w":-0.6417325735092163},"size":8.523584365844727,"orthographic":false}