{"cameraMode":{"drawMode":0,"name":"Shaded","section":"Shading Mode"},"sceneLighting":true,"audioPlay":false,"sceneViewState":{"showFog":true,"showMaterialUpdate":false,"showSkybox":true,"showFlares":true,"showImageEffects":true,"showParticleSystems":true},"in2DMode":false,"pivot":{"x":0.6589570641517639,"y":1.618048906326294,"z":-0.2604096531867981},"rotation":{"x":-0.15077164769172669,"y":0.6994593143463135,"z":-0.15480433404445649,"w":-0.681233286857605},"size":8.523584365844727,"orthographic":false}